Word,Count
*,159
the,149
to,82
,55
used,52
task,46
Method,38
of,34
a,26
@param,21
this,15
instance,15
window,14
panel,13
task's,13
set,13
@return,12
JList,12
and,12
category,11
data,11
tasks,11
return,10
Add,10
date,10
add,10
array,9
text,9
create,8
new,8
been,8
display,8
메소드,8
on,8
method,8
BorderLayout,8
year,7
Charles,7
index,7
month,7
day,7
field,7
from,7
with,7
출력,7
file,7
@author,7
priority,6
Henry,6
selected,6
in,6
user,6
filter,6
name,6
details,6
has,6
exported,6
추가,6
Task,6
for,6
it,5
notes,5
when,5
생성,5
layout,5
Create,5
is,5
if,5
start,5
출력하는,5
notify,5
be,4
list,4
Class,4
show,4
SOUTH,4
store,4
listener,4
representation,4
grid,4
track,4
saved,4
performed,4
bar,4
not,4
menubar,4
export,3
DO,3
into,3
empty,3
can,3
as,3
edit,3
button,3
have,3
fields,3
make,3
actions,3
string,3
item,3
editing,3
closed,3
일정,3
open,3
reset,3
information,3
NOTHING,3
CENTER,3
Makes,2
Menu,2
while,2
turn,2
class,2
changed,2
스트림,2
close,2
populate,2
chosen,2
File,2
A,2
textual,2
count,2
loop,2
false,2
cannot,2
action,2
Input,2
체감온도,2
etc,2
items,2
input,2
사이즈,2
menu,2
미세먼지,2
through,2
disable,2
update,2
remove,2
adding,2
exporting,2
불가,2
스크롤,2
true,2
위치,2
켜졌을때의,2
명언을,2
buttons,2
알람,2
output,2
clear,2
크기조정,2
정의,2
프레임의,2
manage,2
ToDoList,2
program,2
import,2
확인하는,2
정보,2
current,2
end,1
\"\�"\\,1
one,1
일정이,1
endDate,1
Listener,1
there,1
normal,1
menu...),1
variables,1
at,1
out,1
해당하는,1
변수,1
ActionListener,1
default,1
오늘의,1
listenrOn,1
보이도록,1
Attaches,1
changes,1
Objects,1
properly,1
based,1
enable,1
날씨,1
off,1
EditWindow,1
반환하는,1
존재하는지,1
close),1
Labels,1
't',1
@ToDoList.java,1
'i',1
labels,1
Changes,1
management,1
modifiying,1
visible,1
sure,1
param,1
mouselistener,1
found,1
버퍼,1
TaskList,1
increment,1
drop,1
startDate,1
files,1
named,1
영어인지,1
*표시,1
날짜를,1
통한,1
랜덤하게,1
Used,1
how,1
no,1
읽어들일,1
함수,1
오늘,1
scrollPane,1
extract,1
completed,1
same,1
counter,1
1.00,1
(menubar1),1
따라,1
=,1
(correlates,1
\JList,\,1
color,1
boolean,1
정보를,1
TODO,1
2011/04/02,1
block,1
JListListener,1
현재,1
differentiate,1
Tasks,1
날짜에,1
info,1
\state,\,1
prevent,1
이미지,1
copy,1
@,1
only,1
down,1
array),1
명언,1
Disable,1
exportText,1
위쪽에,1
percComp,1
noneditable,1
@version,1
\created,\,1
경우,1
date=,1
frame,1
ListListener,1
가져오는,1
일정을,1
Auto-generated,1
listListener,1
titles,1
actionlistener,1
options,1
Date,1
monitor,1
날짜,1
실행,1
기온과,1
(now,1
기본,1
using,1
so,1
tree,1
do,1
설정,1
달력을,1
simple,1
you,1
startup,1
errors,1
경로,1
Buttons,1
Constructor,1
상태에,1
중앙에,1
its,1
upon,1
objects,1
generic,1
whether,1
계산,1
back,1
\found,\,1
within,1
percentage,1
-,1
note,1
\Date(temp.getStartDate().getYear(),temp.getStartDate().getMonth(),temp.getStartDate().getDay(),temp.getStartDate().getHour(),temp.getStartDate().getMin());\,1
Manager,1
ended,1
formatted,1
예보,1
stub,1
농도를,1
between,1
or,1
임시,1
white,1
content,1
take,1
Java,1
many,1
버퍼로,1
option,1
act,1
될,1
each,1
panel에,1
up,1
메뉴,1
modifying,1
selection,1
use,1
printWriter,1
creates,1
EAST,1
생성자,1
flow,1
that,1
Make,1
(tasks,1
10줄까지만,1
\selected,\,1
SKY의,1
